[
  {
    "protocol": "wireguard",
    "settings": {
        "secretKey": "xxxxxxxxxx",
        "address": [
            "172.16.0.2"
        ],
        "peers": [
            {
                "publicKey": "bmXOC+F1FxEMF9dyiK2H5/1SUtzH0JuVo51h2wPfgyo=",
                "endpoint": "engage.cloudflareclient.com:2408",
                "allowedIPs": [
                    "0.0.0.0/0"
                ]
            }
        ],
        "reserved": [80, 53, 200],
        "mtu": 1280,
        "domainStrategy": "ForceIPv4"
    },
    "tag": "Warp"
  },		
  {
    "protocol": "blackhole",
    "tag": "block"
  }
]